tanggal,harga
2022-01-03,71250.0
2022-01-04,66250.0
2022-01-05,58900.0
2022-01-06,49900.0
2022-01-07,54900.0
2022-01-10,42650.0
2022-01-11,40000.0
2022-01-12,41900.0
2022-01-13,43150.0
2022-01-14,40250.0
2022-01-17,38400.0
2022-01-18,37900.0
2022-01-19,37900.0
2022-01-20,37150.0
2022-01-21,34650.0
2022-01-24,32250.0
2022-01-25,28250.0
2022-01-26,28900.0
2022-01-27,29750.0
2022-01-28,26500.0
2022-01-31,26750.0
2022-02-02,26750.0
2022-02-03,28250.0
2022-02-04,32500.0
2022-02-07,32000.0
2022-02-08,35250.0
2022-02-09,36500.0
2022-02-10,35250.0
2022-02-11,36250.0
2022-02-14,35750.0
2022-02-15,37750.0
2022-02-16,38750.0
2022-02-17,38750.0
2022-02-18,40250.0
2022-02-21,43000.0
2022-02-22,44750.0
2022-02-23,47250.0
2022-02-24,50000.0
2022-02-25,50000.0
2022-03-01,56250.0
2022-03-02,56250.0
2022-03-04,56250.0
2022-03-07,59900.0
2022-03-08,59750.0
2022-03-09,56250.0
2022-03-10,52500.0
2022-03-11,49500.0
2022-03-14,53400.0
2022-03-15,52750.0
2022-03-16,49750.0
2022-03-17,49250.0
2022-03-18,49750.0
2022-03-21,54000.0
2022-03-22,53150.0
2022-03-23,51900.0
2022-03-24,45900.0
2022-03-25,46400.0
2022-03-28,45400.0
2022-03-29,43650.0
2022-03-30,43650.0
2022-03-31,43900.0
2022-04-01,41650.0
2022-04-04,40400.0
2022-04-05,42650.0
2022-04-06,41400.0
2022-04-07,40000.0
2022-04-08,36750.0
2022-04-11,33150.0
2022-04-12,25150.0
2022-04-13,24900.0
2022-04-14,24650.0
2022-04-18,24000.0
2022-04-19,24900.0
2022-04-20,24750.0
2022-04-21,24000.0
2022-04-22,23500.0
2022-04-25,23500.0
2022-04-26,23250.0
2022-04-27,24000.0
2022-04-28,24000.0
2022-05-09,23000.0
2022-05-10,22500.0
2022-05-11,23000.0
2022-05-12,22500.0
2022-05-13,25900.0
2022-05-17,29650.0
2022-05-18,29750.0
2022-05-19,35900.0
2022-05-20,38750.0
2022-05-23,37000.0
2022-05-24,42650.0
2022-05-25,45000.0
2022-05-27,46250.0
2022-05-30,47000.0
2022-05-31,52500.0
2022-06-02,53650.0
2022-06-03,71650.0
2022-06-06,73500.0
2022-06-07,73500.0
2022-06-08,73500.0
2022-06-09,73500.0
2022-06-10,72250.0
2022-06-13,73000.0
2022-06-14,76000.0
2022-06-15,81000.0
2022-06-16,83500.0
2022-06-17,78500.0
2022-06-20,79150.0
2022-06-21,81650.0
2022-06-22,78500.0
2022-06-23,76900.0
2022-06-24,86900.0
2022-06-27,78150.0
2022-06-28,81900.0
2022-06-29,83150.0
2022-06-30,82500.0
2022-07-01,77150.0
2022-07-04,83900.0
2022-07-05,88250.0
2022-07-06,88250.0
2022-07-07,87000.0
2022-07-08,85000.0
2022-07-11,81250.0
2022-07-12,83150.0
2022-07-13,81250.0
2022-07-14,76250.0
2022-07-15,73500.0
2022-07-18,71000.0
2022-07-19,68150.0
2022-07-20,63750.0
2022-07-21,63150.0
2022-07-22,61250.0
2022-07-25,59400.0
2022-07-26,59000.0
2022-07-27,56750.0
2022-07-28,56900.0
2022-07-29,60250.0
2022-08-01,61000.0
2022-08-02,59650.0
2022-08-03,59500.0
2022-08-04,57150.0
2022-08-05,55650.0
2022-08-08,54150.0
2022-08-09,54400.0
2022-08-10,55000.0
2022-08-11,52500.0
2022-08-12,49150.0
2022-08-15,47500.0
2022-08-16,37750.0
2022-08-18,35000.0
2022-08-19,35000.0
2022-08-22,33750.0
2022-08-23,33150.0
2022-08-24,32500.0
2022-08-25,31500.0
2022-08-26,32400.0
2022-08-29,43000.0
2022-08-30,43000.0
2022-08-31,43650.0
2022-09-01,43900.0
2022-09-02,42150.0
2022-09-05,49000.0
2022-09-06,51900.0
2022-09-07,50650.0
2022-09-08,48750.0
2022-09-09,45150.0
2022-09-12,46000.0
2022-09-13,46150.0
2022-09-14,44900.0
2022-09-15,45250.0
2022-09-16,50250.0
2022-09-19,53500.0
2022-09-20,49000.0
2022-09-21,48000.0
2022-09-22,48250.0
2022-09-23,47750.0
2022-09-26,45750.0
2022-09-27,45500.0
2022-09-28,45500.0
2022-09-29,46000.0
2022-09-30,46000.0
2022-10-03,44500.0
2022-10-04,45000.0
2022-10-05,41000.0
2022-10-06,36650.0
2022-10-07,33150.0
2022-10-10,35400.0
2022-10-11,35750.0
2022-10-12,35750.0
2022-10-13,35250.0
2022-10-14,34400.0
2022-10-17,30750.0
2022-10-18,30000.0
2022-10-19,31500.0
2022-10-20,29500.0
2022-10-21,29000.0
2022-10-24,29000.0
2022-10-25,29500.0
2022-10-26,29250.0
2022-10-27,29000.0
2022-10-28,24250.0
2022-10-31,23500.0
2022-11-01,23250.0
2022-11-02,23000.0
2022-11-03,22900.0
2022-11-04,24650.0
2022-11-07,24750.0
2022-11-08,24250.0
2022-11-09,24000.0
2022-11-10,22500.0
2022-11-11,24000.0
2022-11-14,23750.0
2022-11-15,24250.0
2022-11-16,25000.0
2022-11-17,27500.0
2022-11-18,27000.0
2022-11-21,26750.0
2022-11-22,26400.0
2022-11-23,25750.0
2022-11-24,24750.0
2022-11-25,25000.0
2022-11-28,24000.0
2022-11-29,25650.0
2022-11-30,27500.0
2022-12-01,26250.0
2022-12-02,26750.0
2022-12-05,31250.0
2022-12-06,31500.0
2022-12-07,33000.0
2022-12-08,31250.0
2022-12-09,30750.0
2022-12-12,30250.0
2022-12-13,27900.0
2022-12-14,27000.0
2022-12-15,26750.0
2022-12-16,26000.0
2022-12-19,24500.0
2022-12-20,24000.0
2022-12-21,24400.0
2022-12-22,23900.0
2022-12-23,27750.0
2022-12-26,29000.0
2022-12-27,29750.0
2022-12-28,29750.0
2022-12-29,30500.0
2022-12-30,33750.0
2023-01-02,44400.0
2023-01-03,55400.0
2023-01-04,50000.0
2023-01-05,55400.0
2023-01-06,57250.0
2023-01-09,52250.0
2023-01-10,51250.0
2023-01-11,50000.0
2023-01-12,45500.0
2023-01-13,46250.0
2023-01-16,38750.0
2023-01-17,45000.0
2023-01-18,45250.0
2023-01-19,43500.0
2023-01-20,41250.0
2023-01-23,43750.0
2023-01-24,49650.0
2023-01-25,45150.0
2023-01-26,45250.0
2023-01-27,47900.0
2023-01-30,48650.0
2023-01-31,48150.0
2023-02-01,46650.0
2023-02-02,46650.0
2023-02-03,49150.0
2023-02-06,53250.0
2023-02-07,55650.0
2023-02-08,53500.0
2023-02-09,53750.0
2023-02-10,53750.0
2023-02-13,58250.0
2023-02-14,58250.0
2023-02-15,56750.0
2023-02-16,60000.0
2023-02-17,65000.0
2023-02-20,64000.0
2023-02-21,64000.0
2023-02-22,61150.0
2023-02-23,60000.0
2023-02-24,59750.0
2023-02-27,55400.0
2023-02-28,58250.0
2023-03-01,60000.0
2023-03-02,64400.0
2023-03-03,70400.0
2023-03-06,71650.0
2023-03-07,71500.0
2023-03-08,71400.0
2023-03-09,70650.0
2023-03-10,71900.0
2023-03-13,72400.0
2023-03-14,72400.0
2023-03-15,74150.0
2023-03-16,73150.0
2023-03-17,75250.0
2023-03-20,76250.0
2023-03-21,80000.0
2023-03-22,80000.0
2023-03-23,80000.0
2023-03-24,78250.0
2023-03-27,59400.0
2023-03-28,39400.0
2023-03-29,46900.0
2023-03-30,50650.0
2023-03-31,47750.0
2023-04-03,36750.0
2023-04-04,33250.0
2023-04-05,30000.0
2023-04-06,27500.0
2023-04-07,27500.0
2023-04-10,27750.0
2023-04-11,26900.0
2023-04-12,25900.0
2023-04-13,25900.0
2023-04-14,27150.0
2023-04-17,26000.0
2023-04-18,28250.0
2023-04-19,29500.0
2023-04-20,28150.0
2023-04-21,27500.0
2023-04-24,27400.0
2023-04-25,26150.0
2023-04-26,25150.0
2023-04-27,22250.0
2023-04-28,22000.0
2023-05-02,21000.0
2023-05-03,20500.0
2023-05-04,20500.0
2023-05-05,21500.0
2023-05-08,23500.0
2023-05-09,23900.0
2023-05-10,24000.0
2023-05-11,24400.0
2023-05-12,23500.0
2023-05-15,25250.0
2023-05-16,28000.0
2023-05-17,30250.0
2023-05-18,30250.0
2023-05-19,30000.0
2023-05-22,35500.0
2023-05-23,35750.0
2023-05-24,35750.0
2023-05-25,33900.0
2023-05-26,33150.0
2023-05-29,34650.0
2023-05-30,34250.0
2023-05-31,36250.0
2023-06-01,35250.0
2023-06-02,35250.0
2023-06-05,33750.0
2023-06-06,33000.0
2023-06-07,33000.0
2023-06-08,33400.0
2023-06-09,33150.0
2023-06-12,32750.0
2023-06-13,31900.0
2023-06-14,31150.0
2023-06-15,30500.0
2023-06-16,31150.0
2023-06-19,28400.0
2023-06-20,31000.0
2023-06-21,31250.0
2023-06-22,31000.0
2023-06-23,30000.0
2023-06-26,29000.0
2023-06-27,29000.0
2023-06-28,29000.0
2023-06-29,29000.0
2023-06-30,29000.0
2023-07-03,27000.0
2023-07-04,25650.0
2023-07-05,23750.0
2023-07-06,24000.0
2023-07-07,23900.0
2023-07-10,25400.0
2023-07-11,25400.0
2023-07-12,21900.0
2023-07-13,24500.0
2023-07-14,25000.0
2023-07-17,24500.0
2023-07-18,23650.0
2023-07-19,23650.0
2023-07-20,25750.0
2023-07-21,28900.0
2023-07-24,33250.0
2023-07-25,36650.0
2023-07-26,36900.0
2023-07-27,34000.0
2023-07-28,32900.0
2023-07-31,38500.0
2023-08-01,38500.0
2023-08-02,38500.0
2023-08-03,38500.0
2023-08-04,37650.0
2023-08-07,38000.0
2023-08-08,38750.0
2023-08-09,38900.0
2023-08-10,40400.0
2023-08-11,40400.0
2023-08-14,43250.0
2023-08-15,50000.0
2023-08-16,44750.0
2023-08-17,44750.0
2023-08-18,38000.0
2023-08-21,40900.0
2023-08-22,38750.0
2023-08-23,34150.0
2023-08-24,30150.0
2023-08-25,29250.0
2023-08-28,25650.0
2023-08-29,25000.0
2023-08-30,25000.0
2023-08-31,24900.0
2023-09-01,24900.0
2023-09-04,25250.0
2023-09-05,25500.0
2023-09-06,24750.0
2023-09-07,25000.0
2023-09-08,26150.0
2023-09-11,25250.0
2023-09-12,25250.0
2023-09-13,25150.0
2023-09-14,25000.0
2023-09-15,24500.0
2023-09-18,25750.0
2023-09-19,25650.0
2023-09-20,25000.0
2023-09-21,25400.0
2023-09-22,25500.0
2023-09-25,25750.0
2023-09-26,25750.0
2023-09-27,26250.0
2023-09-28,26250.0
2023-09-29,29650.0
2023-10-02,28900.0
2023-10-03,31500.0
2023-10-04,33750.0
2023-10-05,36500.0
2023-10-06,35150.0
2023-10-09,40150.0
2023-10-10,39900.0
2023-10-11,40250.0
2023-10-12,39650.0
2023-10-13,38650.0
2023-10-16,42500.0
2023-10-17,48900.0
2023-10-18,48900.0
2023-10-19,48900.0
2023-10-20,48650.0
2023-10-23,65000.0
2023-10-24,62650.0
2023-10-25,61150.0
2023-10-26,60150.0
2023-10-27,62650.0
2023-10-30,71150.0
2023-10-31,68750.0
2023-11-01,64500.0
2023-11-02,63750.0
2023-11-03,71000.0
2023-11-06,61250.0
2023-11-07,60650.0
2023-11-08,70000.0
2023-11-09,72750.0
2023-11-10,68750.0
2023-11-13,66250.0
2023-11-14,70500.0
2023-11-15,71150.0
2023-11-16,69650.0
2023-11-17,68150.0
2023-11-20,79400.0
2023-11-21,83500.0
2023-11-22,83500.0
2023-11-23,80900.0
2023-11-24,81400.0
2023-11-27,77500.0
2023-11-28,76150.0
2023-11-29,76650.0
2023-11-30,76500.0
2023-12-01,75750.0
2023-12-04,76650.0
2023-12-05,77650.0
2023-12-06,78500.0
2023-12-07,79000.0
2023-12-08,79650.0
2023-12-11,75250.0
2023-12-12,70750.0
2023-12-13,74250.0
2023-12-14,70750.0
2023-12-15,76000.0
2023-12-18,68000.0
2023-12-19,68000.0
2023-12-20,68000.0
2023-12-21,68000.0
2023-12-22,68000.0
2023-12-27,70650.0
2023-12-28,64250.0
2023-12-29,72400.0
2024-01-01,72500.0
2024-01-02,72750.0
2024-01-03,69000.0
2024-01-04,59150.0
2024-01-05,52900.0
2024-01-08,47400.0
2024-01-09,47400.0
2024-01-10,42400.0
2024-01-11,42400.0
2024-01-12,36900.0
2024-01-15,39400.0
2024-01-16,41000.0
2024-01-17,40150.0
2024-01-18,38650.0
2024-01-19,37900.0
2024-01-22,33650.0
2024-01-23,31250.0
2024-01-24,32900.0
2024-01-25,32900.0
2024-01-26,33750.0
2024-01-29,33400.0
2024-01-30,33250.0
2024-01-31,33250.0
2024-02-01,33250.0
2024-02-02,31500.0
2024-02-05,35150.0
2024-02-06,34400.0
2024-02-07,33500.0
2024-02-08,33500.0
2024-02-09,33750.0
2024-02-12,43650.0
2024-02-13,45650.0
2024-02-14,46250.0
2024-02-15,55500.0
2024-02-16,58250.0
2024-02-19,50000.0
2024-02-20,63250.0
2024-02-21,69900.0
2024-02-22,69900.0
2024-02-23,69900.0
2024-02-26,50000.0
2024-02-27,61250.0
2024-02-28,61250.0
2024-02-29,59750.0
2024-03-01,55250.0
2024-03-04,46150.0
2024-03-05,57000.0
2024-03-06,56650.0
2024-03-07,57900.0
2024-03-08,57900.0
2024-03-11,57900.0
2024-03-12,57900.0
2024-03-13,61900.0
2024-03-14,55650.0
2024-03-15,52250.0
2024-03-18,48500.0
2024-03-19,48250.0
2024-03-20,40000.0
2024-03-21,36250.0
2024-03-22,38750.0
2024-03-25,32750.0
2024-03-26,32400.0
2024-03-27,32150.0
2024-03-28,31650.0
2024-03-29,31650.0
2024-04-01,32500.0
2024-04-02,34750.0
2024-04-03,34000.0
2024-04-04,33400.0
2024-04-05,33750.0
2024-04-08,35900.0
2024-04-09,36250.0
2024-04-10,36250.0
2024-04-11,36250.0
2024-04-12,47000.0
2024-04-15,34500.0
2024-04-16,32000.0
2024-04-17,31250.0
2024-04-18,31500.0
2024-04-19,32000.0
2024-04-22,35000.0
2024-04-23,35500.0
2024-04-24,35150.0
2024-04-25,35000.0
2024-04-26,36250.0
2024-04-29,31650.0
2024-04-30,31400.0
2024-05-01,31400.0
2024-05-02,29900.0
2024-05-03,29250.0
2024-05-06,25000.0
2024-05-07,23750.0
2024-05-08,23250.0
2024-05-09,23250.0
2024-05-10,24650.0
2024-05-13,23400.0
2024-05-14,24750.0
2024-05-15,28750.0
2024-05-16,27500.0
2024-05-17,27000.0
2024-05-20,26250.0
2024-05-21,28250.0
2024-05-22,27750.0
2024-05-23,27750.0
2024-05-24,27750.0
2024-05-27,29650.0
2024-05-28,28400.0
2024-05-29,29150.0
2024-05-30,29000.0
2024-05-31,29400.0
2024-06-03,29900.0
2024-06-04,30400.0
2024-06-05,33650.0
2024-06-06,34500.0
2024-06-07,34750.0
2024-06-10,34150.0
2024-06-11,34650.0
2024-06-12,34150.0
2024-06-13,32650.0
2024-06-14,32900.0
2024-06-17,32900.0
2024-06-18,32900.0
2024-06-19,31150.0
2024-06-20,29650.0
2024-06-21,28150.0
2024-06-24,28150.0
2024-06-25,29900.0
2024-06-26,30250.0
2024-06-27,30250.0
2024-06-28,29650.0
2024-07-01,33250.0
2024-07-02,36500.0
2024-07-03,40150.0
2024-07-04,40150.0
2024-07-05,38650.0
2024-07-08,38650.0
2024-07-09,45400.0
2024-07-10,47650.0
2024-07-11,52900.0
2024-07-12,54750.0
2024-07-15,47000.0
2024-07-16,57500.0
2024-07-17,57500.0
2024-07-18,71650.0
2024-07-19,71250.0
2024-07-22,68750.0
2024-07-23,80650.0
2024-07-24,88400.0
2024-07-25,75500.0
2024-07-26,67000.0
2024-07-29,76250.0
2024-07-30,75900.0
2024-07-31,72250.0
2024-08-01,65000.0
2024-08-02,66400.0
2024-08-05,68650.0
2024-08-06,69500.0
2024-08-07,69500.0
2024-08-08,67750.0
2024-08-09,65750.0
2024-08-12,58900.0
2024-08-13,55000.0
2024-08-14,50900.0
2024-08-15,46650.0
2024-08-16,45400.0
2024-08-19,48500.0
2024-08-20,46000.0
2024-08-21,42500.0
2024-08-22,42250.0
2024-08-23,41900.0
2024-08-26,34900.0
2024-08-27,31900.0
2024-08-28,34150.0
2024-08-29,34750.0
2024-08-30,34500.0
2024-09-02,32500.0
2024-09-03,33250.0
2024-09-04,33250.0
2024-09-05,34250.0
2024-09-06,34000.0
2024-09-09,34650.0
2024-09-10,34650.0
2024-09-11,34650.0
2024-09-12,32650.0
2024-09-13,33500.0
2024-09-16,33500.0
2024-09-17,36150.0
2024-09-18,36150.0
2024-09-19,35750.0
2024-09-20,35400.0
2024-09-23,36900.0
2024-09-24,36400.0
2024-09-25,36400.0
2024-09-26,36400.0
2024-09-27,35750.0
2024-09-30,32500.0
2024-10-01,34650.0
2024-10-02,39150.0
2024-10-03,39900.0
2024-10-04,40000.0
2024-10-07,42250.0
2024-10-08,42250.0
2024-10-09,40750.0
2024-10-10,36900.0
2024-10-11,39900.0
2024-10-14,40400.0
2024-10-15,39750.0
2024-10-16,39400.0
2024-10-17,39250.0
2024-10-18,38900.0
2024-10-21,37250.0
2024-10-22,36000.0
2024-10-23,34750.0
2024-10-24,34400.0
2024-10-25,34400.0
2024-10-28,32750.0
2024-10-29,32400.0
2024-10-30,30750.0
2024-10-31,30000.0
2024-11-01,29650.0
2024-11-04,28250.0
2024-11-05,28500.0
2024-11-06,29150.0
2024-11-07,29150.0
2024-11-08,28750.0
2024-11-11,35750.0
2024-11-12,35750.0
2024-11-13,33150.0
2024-11-14,32400.0
2024-11-15,30900.0
2024-11-18,30500.0
2024-11-19,28250.0
2024-11-20,26000.0
2024-11-21,24900.0
2024-11-22,26150.0
2024-11-25,24000.0
2024-11-26,22750.0
2024-11-27,22750.0
2024-11-28,25750.0
2024-11-29,26650.0
2024-12-02,25750.0
2024-12-03,24750.0
2024-12-04,26900.0
2024-12-05,28900.0
2024-12-06,28900.0
2024-12-09,29650.0
2024-12-10,36650.0
2024-12-11,34900.0
2024-12-12,34500.0
2024-12-13,34250.0
2024-12-16,45250.0
2024-12-17,41150.0
2024-12-18,39500.0
2024-12-19,41400.0
2024-12-20,44000.0
2024-12-23,54400.0
2024-12-24,51500.0
2024-12-25,51500.0
2024-12-26,51500.0
2024-12-27,57400.0
2024-12-30,69000.0
2024-12-31,76900.0
2025-01-01,76900.0
2025-01-02,80000.0
2025-01-03,80000.0
2025-01-06,88750.0
2025-01-07,92250.0
2025-01-08,94150.0
2025-01-09,97250.0
2025-01-10,97500.0
2025-01-13,88150.0
2025-01-14,88150.0
2025-01-15,88750.0
2025-01-16,83500.0
2025-01-17,74400.0
2025-01-20,65650.0
2025-01-21,67150.0
2025-01-22,64750.0
2025-01-23,64650.0
2025-01-24,67150.0
2025-01-27,67150.0
2025-01-28,67250.0
2025-01-29,67250.0
2025-01-30,62900.0
2025-01-31,63900.0
2025-02-03,64150.0
2025-02-04,64150.0
2025-02-05,61750.0
2025-02-06,59500.0
2025-02-07,59150.0
2025-02-10,55900.0
2025-02-11,57650.0
2025-02-12,57650.0
2025-02-13,57400.0
2025-02-14,58000.0
2025-02-17,63150.0
2025-02-18,64750.0
2025-02-19,67500.0
2025-02-20,70000.0
2025-02-21,70900.0
2025-02-24,86900.0
2025-02-25,103750.0
2025-02-26,103500.0
2025-02-27,96900.0
2025-02-28,85000.0
2025-03-03,122500.0
2025-03-04,103400.0
2025-03-05,81250.0
2025-03-06,78400.0
2025-03-07,91250.0
2025-03-10,85000.0
2025-03-11,89400.0
2025-03-12,92500.0
2025-03-13,96250.0
2025-03-14,96250.0
2025-03-17,101250.0
2025-03-18,105250.0
2025-03-19,107750.0
2025-03-20,100900.0
2025-03-21,96650.0
2025-03-24,105250.0
2025-03-25,102750.0
2025-03-26,101250.0
2025-03-27,104400.0
2025-03-28,104400.0
2025-03-31,104400.0
2025-04-01,104400.0
2025-04-02,104400.0
2025-04-03,104400.0
2025-04-04,104400.0
2025-04-07,104000.0
2025-04-08,92500.0
2025-04-09,86000.0
2025-04-10,82500.0
2025-04-11,89400.0
2025-04-14,79400.0
2025-04-15,82750.0
2025-04-16,81500.0
2025-04-17,72500.0
2025-04-18,72500.0
2025-04-21,66900.0
2025-04-22,65650.0
2025-04-23,65650.0
2025-04-24,61250.0
2025-04-25,45650.0
2025-04-28,37000.0
2025-04-29,38150.0
2025-04-30,37750.0
2025-05-01,37750.0
2025-05-02,36900.0
2025-05-05,35250.0
2025-05-06,32400.0
2025-05-07,29900.0
2025-05-08,28000.0
2025-05-09,27900.0
2025-05-12,27900.0
2025-05-13,27150.0
2025-05-14,27250.0
2025-05-15,28750.0
2025-05-16,28750.0
2025-05-19,27900.0
2025-05-20,26500.0
2025-05-21,26650.0
2025-05-22,25250.0
2025-05-23,24750.0
2025-05-26,25400.0
2025-05-27,26400.0
2025-05-28,26250.0
2025-05-29,25900.0
2025-05-30,25750.0
2025-06-02,40750.0
2025-06-03,41400.0
2025-06-04,37900.0
2025-06-05,36000.0
2025-06-06,36000.0
2025-06-09,38250.0
2025-06-10,40000.0
2025-06-11,39650.0
2025-06-12,36900.0
2025-06-13,38750.0
2025-06-16,43150.0
2025-06-17,48250.0
2025-06-18,54150.0
2025-06-19,71250.0
2025-06-20,75400.0
2025-06-23,59650.0
2025-06-24,66500.0
2025-06-25,68400.0
2025-06-26,69000.0
2025-06-27,68400.0
2025-06-30,63150.0
2025-07-01,60650.0
2025-07-02,59250.0
2025-07-03,61250.0
2025-07-04,65500.0
2025-07-07,60500.0
2025-07-08,63150.0
2025-07-09,62150.0
2025-07-10,62500.0
2025-07-11,62250.0
2025-07-14,62250.0
2025-07-15,61650.0
2025-07-16,62250.0
2025-07-17,59400.0
2025-07-18,50250.0
2025-07-21,49250.0
2025-07-22,43000.0
2025-07-23,40650.0
2025-07-24,40650.0
2025-07-25,41500.0
2025-07-28,36900.0
2025-07-29,34400.0
2025-07-30,34400.0
2025-07-31,35000.0
2025-08-01,33250.0
2025-08-04,34500.0
2025-08-05,36000.0
2025-08-06,37500.0
2025-08-07,37650.0
2025-08-08,37750.0
2025-08-11,30900.0
2025-08-12,30400.0
2025-08-13,30400.0
2025-08-14,30400.0
2025-08-15,30400.0
2025-08-18,30400.0
2025-08-19,31250.0
2025-08-20,30650.0
2025-08-21,29150.0
2025-08-22,28750.0
2025-08-25,30000.0
2025-08-26,27900.0
2025-08-27,26400.0
2025-08-28,26400.0
2025-08-29,26400.0
2025-09-01,29900.0
2025-09-02,29400.0
2025-09-03,29200.0
2025-09-04,30400.0
2025-09-05,30700.0
2025-09-08,34050.0
2025-09-09,34300.0
2025-09-10,34300.0
2025-09-11,34400.0
2025-09-12,34900.0
2025-09-15,34200.0
2025-09-16,34500.0
2025-09-17,34750.0
2025-09-18,34650.0
2025-09-19,34400.0
2025-09-22,36500.0
2025-09-23,36900.0
2025-09-24,36400.0
2025-09-25,36150.0
2025-09-26,35400.0
2025-09-29,34900.0
2025-09-30,33750.0
2025-10-01,33800.0
2025-10-02,34450.0
2025-10-03,34900.0
2025-10-06,36650.0
2025-10-07,36700.0
2025-10-08,36250.0
2025-10-09,36150.0
2025-10-10,36700.0
2025-10-13,36900.0
2025-10-14,34700.0
2025-10-15,34150.0
2025-10-16,33700.0
2025-10-17,33500.0
2025-10-20,29750.0
2025-10-21,29500.0
2025-10-22,29150.0
2025-10-23,28400.0
2025-10-24,28300.0
2025-10-27,27700.0
2025-10-28,28000.0
2025-10-29,28050.0
2025-10-30,28450.0
2025-10-31,27550.0
2025-11-03,27250.0
2025-11-04,27300.0
2025-11-05,27450.0
2025-11-06,27550.0
2025-11-07,27550.0
2025-11-10,26700.0
2025-11-11,26800.0
2025-11-12,28400.0
2025-11-13,29150.0
2025-11-14,29000.0
2025-11-17,46450.0
2025-11-18,47000.0
2025-11-19,47000.0
2025-11-20,44950.0
2025-11-21,45250.0
2025-11-24,41050.0
2025-11-25,41000.0
2025-11-26,43300.0
2025-11-27,44500.0
2025-11-28,44900.0
2025-12-01,59900.0
2025-12-02,64550.0
2025-12-03,68150.0
2025-12-04,70650.0
2025-12-05,71250.0
2025-12-08,83300.0
2025-12-09,84750.0
2025-12-10,84750.0
2025-12-11,81200.0
2025-12-12,76900.0
2025-12-15,76050.0
2025-12-16,76250.0
2025-12-17,72800.0
2025-12-18,66750.0
2025-12-19,62300.0
2025-12-22,63800.0
2025-12-23,62400.0
2025-12-24,62700.0
2025-12-25,62700.0
2025-12-26,61450.0
2025-12-29,59500.0
2025-12-30,59800.0
2025-12-31,58250.0
2026-01-01,58250.0
2026-01-02,57750.0
2026-01-05,46550.0
2026-01-06,45150.0
2026-01-07,45300.0
2026-01-08,44700.0
2026-01-09,42400.0
2026-01-12,40250.0
2026-01-13,38300.0
2026-01-14,37900.0
2026-01-15,36650.0
2026-01-16,36650.0
2026-01-19,41200.0
2026-01-20,43050.0
2026-01-21,42950.0
2026-01-22,43300.0
2026-01-23,45500.0
2026-01-26,48550.0
2026-01-27,51250.0
2026-01-28,51450.0
2026-01-29,58700.0
2026-01-30,61800.0
2026-02-02,68050.0
2026-02-03,74200.0
2026-02-04,80450.0
2026-02-05,80400.0
2026-02-06,77950.0
2026-02-09,80750.0
2026-02-10,82900.0
2026-02-11,81550.0
2026-02-12,79550.0
2026-02-13,82450.0
2026-02-16,84300.0
2026-02-17,85250.0
2026-02-18,98450.0
2026-02-19,98900.0
2026-02-20,105450.0
2026-02-23,94800.0
2026-02-24,92950.0
2026-02-25,94400.0
2026-02-26,91550.0
2026-02-27,91400.0
2026-03-02,99500.0
2026-03-03,105300.0
2026-03-04,105650.0
2026-03-05,105300.0
2026-03-06,103900.0
2026-03-09,97300.0
2026-03-10,97200.0
2026-03-11,99050.0
2026-03-12,99500.0
2026-03-13,97050.0
2026-03-16,99200.0
2026-03-17,112200.0
2026-03-18,112200.0
2026-03-19,111900.0
2026-03-20,112200.0
2026-03-23,98400.0
2026-03-24,91800.0
2026-03-25,80550.0
2026-03-26,72200.0
2026-03-27,72950.0
2026-03-30,75050.0
2026-03-31,81000.0
2026-04-01,80000.0
2026-04-02,78250.0
2026-04-03,78250.0
2026-04-06,83450.0
2026-04-07,80000.0
2026-04-08,79700.0
2026-04-09,78300.0
2026-04-10,74250.0
2026-04-13,69300.0
2026-04-14,65450.0
2026-04-15,65750.0
2026-04-16,64900.0
2026-04-17,64700.0
2026-04-20,61000.0
2026-04-21,62450.0
2026-04-22,62050.0
2026-04-23,60000.0
2026-04-24,57450.0
2026-04-27,54500.0
2026-04-28,54250.0
2026-04-29,54050.0
2026-04-30,54200.0
2026-05-01,54200.0
2026-05-04,64300.0
2026-05-05,67300.0
2026-05-06,67500.0
2026-05-07,66500.0
2026-05-08,65950.0
2026-05-11,72200.0
2026-05-12,75000.0
2026-05-13,72700.0
2026-05-14,72700.0
2026-05-15,72700.0
2026-05-18,74050.0
2026-05-19,73000.0
2026-05-20,76650.0
2026-05-21,78950.0
2026-05-22,78500.0
2026-05-25,75950.0
2026-05-26,75500.0
2026-05-27,75500.0
2026-05-28,75500.0
2026-05-29,78950.0
2026-06-01,68750.0
2026-06-02,70400.0
2026-06-03,74050.0
2026-06-04,74050.0
2026-06-05,72300.0
2026-06-08,80950.0
2026-06-09,79000.0
2026-06-10,77050.0
2026-06-11,74250.0
2026-06-12,74400.0
